year,Jan,Feb,Mar,Apr,May,Jun,Jul,Aug,Sep,Oct,Nov,Dec,Annual
2002,0.0,0.0,0.0,0.007586901534831103,0.018152062074816788,-0.01563151223996706,-0.0046520136808829715,0.009524698724432623,0.012494489003990639,-0.0009426755636637862,-0.009596529245502139,0.03522208423923501,0.052382237877505844
2003,0.04768383959783851,-0.005422339225723105,-0.01393939196421834,0.05059536923463681,0.017378414394406905,0.0033869735288321046,-0.009870292386118806,-0.0024759633501614253,0.006712493216696203,0.03139755560022217,0.01262273673802028,0.039650920927839284,0.18971037336338847
2004,-0.003237671806211373,0.025511557599935175,-0.004375336599677593,-0.030109729400798146,0.0029072216898875514,-0.007647232024384998,-0.009489928673948267,0.018416847522938484,0.01122943290952394,0.02134720779882926,0.033549093622800674,-0.007907646396469459,0.04946524229108684
2005,-0.006454612650405145,0.010521073122439883,-0.015565679479789485,-0.007971639581062062,0.0071774832541431355,-0.005292633561310267,0.0053727111194108446,0.01972890023302054,0.04709262616372056,-0.02233533988249925,0.022612664438823593,-0.009494038037483055,0.04424008964326731
2006,0.028474955178570127,0.0016638442615368731,0.006640523164904044,0.049460243862155195,-0.03453476106286901,-0.04530831362825616,0.002752956559229025,-0.007860763049197028,-0.02358321909593919,0.002024717728186909,0.019137695357909212,-0.015795682063139527,-0.0206131272199076
2007,0.0005411715025172015,0.010524204144517046,0.016599423919112066,0.01913144173771686,0.003728830461696253,0.0007383362346560229,0.009678207530481098,-0.03367072265964832,0.03169902023914184,0.05248778547625865,-0.02998116611715651,0.016731670262279286,0.09941941274767019
2008,0.03408803418542483,0.06782546045400495,-0.04262242109199421,0.029635720909274132,0.023565335415357547,0.031323908464405914,-0.03560673345181198,-0.043941746707680474,0.0,-0.05170680996994681,0.0,0.005712326108782362,0.010392752025875307
2009,-0.006883394355910566,0.003340499433004629,-0.00711962110607034,0.022474098764367234,0.0921060368911335,-0.010374555974754895,0.012071962479688114,-0.009518656589462826,0.0488887531262594,0.026542518173372276,0.0464509912296549,-0.025627080693961468,0.20321061167453336
2010,-0.013636745778753512,0.002882175271348375,-0.0024502366164712575,0.02521610399428198,-0.026968735114702214,0.00550788422575943,0.00759334370530218,-0.006138141384284812,0.06533155191018869,0.02600714086902789,-0.001203936987519194,0.05144117302585993,0.13777752322039993
2011,-0.018188851820875596,0.011702024462789451,0.01656610145620574,0.057790307732883406,-0.02816789781151574,-0.003846090138786673,0.0263745615042279,0.0019853826215490145,-0.0413574469803526,0.0043152505302683775,-0.011311257911725936,-0.026902272326501997,-0.014983414461790301
2012,0.011036889459726584,0.0073783714728796745,-0.036123770700718705,0.0,0.0,0.0,0.01208357370909896,0.012182635992063595,0.021006332387553117,-0.022100235035839466,0.0021629805990304174,-0.0006063717272731806,0.00566622057321764
2013,0.008972882685750472,-0.012264000497817285,-0.003963683168017429,-0.0020242533534667873,-0.005081985323816651,0.0,0.0,0.0011795432071408651,-0.01990777527150711,0.0034161083340884524,-0.011732940037962547,-0.0034039205051237253,-0.044223592307378046
2014,-0.0036907101110735807,0.02951506811970761,0.013120555231572295,0.014874447205878827,-0.00411478325463932,0.004273878195774072,-0.014855074204431662,0.0005367693818183472,0.0,0.0,0.0,0.0,0.039668682974486114
2015,0.011247367209266557,-0.013905165162464317,-0.0013085444863911722,0.0,-0.019825164924220706,0.00774262638124279,0.0,0.0,-0.006828354845571094,0.00338779367405051,-0.013913517206380455,-0.00024390945539787268,-0.03358694261782058
2016,-0.005433801438633035,0.025642996144829677,0.04811961921696928,0.04081476037281684,-0.03487086778443327,0.060539740679308895,-0.008196192463458707,-0.007704800137718237,0.003435215338692288,0.0009704045766945057,-0.029847183919913145,-0.00010407870919604267,0.0921914224015632
2017,0.012977437563049365,0.01684041820132176,-0.014312174930495969,0.005660906680688971,-0.0023488003756363396,-0.004665388075841936,0.011853236261070599,0.007731646064389919,-0.011172374715769373,0.006308098507011639,-0.001333543663189607,-0.00544346085119829,0.02177504053326018
2018,0.024776749545365906,-0.024545178534120193,-0.002212024638043264,-0.002535219061516769,0.0029328336293412693,-0.009416219478046273,0.0,-0.011945136775575627,0.0,-0.014116673175546213,-0.010630761784154452,0.005340392891165502,-0.04233539025919353
2019,0.014226515648835036,-0.009016190926946166,-0.005047803108212734,-0.005528022157765267,-0.005739610799291972,0.016571836339905444,-0.005160539842517298,-0.007618809768357937,-0.014340958474968857,0.00795290384055547,-0.022931358680207015,0.011185414541061922,-0.02593296635418907
2020,-0.029428466555276755,-0.00030825205374340747,-0.00037696238886930633,0.005498281781874281,0.01537241218357388,-0.001076622042532449,0.06538923530268392,0.012472831727993183,-0.02598734392040203,0.0059166820375968765,0.008916518365283732,0.03316604847468829,0.08971375861563646
2021,-0.020564904226754277,0.020151730480960195,-0.010848866671356094,0.019771153937824693,0.033112928278718146,-0.01011688436768532,0.0007200728198200057,-0.0005630428925297304,0.005868677400155731,0.006654875268736982,-0.03084830768334823,0.0035178717590484965,0.01518289712506693
2022,0.012246224979268083,0.04070589943225422,0.0580709877647847,-0.016603757827176602,-0.004162763055457042,-0.028104008616115506,0.0,-0.009244406043014575,-0.0326934893405304,0.013523691407025806,-0.002556745641060121,0.00013974627488777536,0.02796687120279251
2023,0.018919658304446862,-0.028937585307468483,-0.0011385637716356811,-0.00026888479105446894,-0.013808300821192443,0.012264437572233389,0.01815139951957412,-0.02719277572151224,-0.002777612144669761,-0.006919093266747334,0.011282263593250796,0.015277298841041231,-0.006646716054812041
2024,-0.013605449336946296,-0.0048017108893467775,0.011608032668645851,0.008263084064297432,0.00736067030276466,-0.0018824764779735714,-0.002025309332815306,0.00519327959478777,0.018471132171505644,-0.023661353600018975,-0.007891566350554546,-0.0003802281368820992,-0.0040778784873329865
2025,0.012561202525243287,0.000728327865676448,0.03982196872580679,-0.015431543519299762,2.2802120533071957e-05,0.011110890099655046,-0.011633235974385703,0.02044289955443057,0.033042428862044115,0.012541029760658962,0.022124569588492626,-0.0012384688173241454,0.12967713524469326
2026,0.07432838835266797,0.03340320470416236,-0.02367157204712589,0.01670783491131811,,,,,,,,,0.10204406759435103
