date,w_T_tan,w_T_mv,n_obs
2003-12-31,0.8724951870086864,0.7679556084639488,521
2004-01-30,0.84804449479812,0.7473688053840019,543
2004-02-27,0.8471196731288428,0.7457872224648672,563
2004-03-31,0.8500298088169468,0.744603995597832,586
2004-04-30,0.8615101191796845,0.7402363113769688,608
2004-05-31,0.8558815307285833,0.7405024357084005,629
2004-06-30,0.8379943965738502,0.7404366771499972,651
2004-07-30,0.8511121118273072,0.7374931789205386,673
2004-08-31,0.8471818623806592,0.7356420223247839,695
2004-09-30,0.844326075149768,0.7353571215809215,717
2004-10-29,0.8373531255868166,0.7285252525202972,738
2004-11-30,0.8416132619894738,0.7229792952137363,756
2004-12-31,0.7714774196655568,0.7081584861216992,756
2005-01-31,0.8096138428265461,0.7011772729495096,756
2005-02-28,0.7914807848976076,0.7014532597643073,756
2005-03-31,0.7695248074157914,0.691384271260306,756
2005-04-29,0.725587264445584,0.6913560336533853,756
2005-05-31,0.7017285725694191,0.686385106978137,756
2005-06-30,0.6227149474721078,0.6469040992634447,756
2005-07-29,0.5882033485935786,0.6243761508990401,756
2005-08-31,0.533308654773331,0.5933254482516246,756
2005-09-30,0.5834018716790259,0.5519424164189414,756
2005-10-31,0.5763189601989422,0.540433475855137,756
2005-11-30,0.5312817337181114,0.5375587919354119,756
2005-12-30,0.4441423020991042,0.523536231444358,756
2006-01-31,0.4408447763632316,0.51822724050331,756
2006-02-28,0.4582691273199197,0.4930378302619556,756
2006-03-31,0.4353696222303614,0.4813658714591662,756
2006-04-28,0.4949046496818433,0.46473172171270943,756
2006-05-31,0.4591368868816911,0.416318983541285,756
2006-06-30,0.3562716218177225,0.39372655100998905,756
2006-07-31,0.38526305516954457,0.4012178186315919,756
2006-08-31,0.32213367636548645,0.38690752296918357,756
2006-09-29,0.23578540714130516,0.3849904378935962,756
2006-10-31,0.13765425529080058,0.3913093758239378,756
2006-11-30,0.13918115594831146,0.3920983937862,756
2006-12-29,0.15007240811122036,0.3980275069417373,756
2007-01-31,0.10844622541427282,0.3966474694776202,756
2007-02-28,0.13135618662288703,0.3861224656462072,756
2007-03-30,0.18596270766008002,0.38533467311062725,756
2007-04-30,0.19653740372032716,0.37520211177515544,756
2007-05-31,0.18574686543260924,0.36565419835200075,756
2007-06-29,0.20924071761426952,0.3746137819929521,756
2007-07-31,0.2416892648610614,0.3809890700804173,756
2007-08-31,0.10756894465707414,0.38119460486906154,756
2007-09-28,0.14632727008922242,0.39355470094181016,756
2007-10-31,0.2057736911169784,0.38616549565206415,756
2007-11-30,0.19080104521162447,0.39065906023499136,756
2007-12-31,0.21694416338051653,0.39296631819507105,756
2008-01-31,0.3223783821770087,0.4025843840232452,756
2008-02-29,0.5152896937795354,0.40909550957894864,756
2008-03-31,0.41582285344644515,0.3941969340498969,756
2008-04-30,0.45932399984154637,0.39262687209994546,756
2008-05-30,0.4904979213259603,0.39717959079863235,756
2008-06-30,0.641194824956137,0.4077987346708273,756
2008-07-31,0.609102417450664,0.42452708085388746,756
2008-08-29,0.40427807080486344,0.4406426855236008,756
2008-09-30,0.6343252118689795,0.5198931910608331,756
2008-10-31,1.0,0.657574286495478,756
2008-11-28,1.0,0.7109406261280565,756
2008-12-31,1.0,0.7338123592224887,756
2009-01-30,1.0,0.7435356126102951,756
2009-02-27,0.0,0.7502448165525964,756
2009-03-31,0.3205049657847093,0.7739648379867311,756
2009-04-30,1.0,0.8040397845827518,756
2009-05-29,1.0,0.8105669328159771,756
2009-06-30,1.0,0.7998313280085919,756
2009-07-31,1.0,0.8031903656576003,756
2009-08-31,1.0,0.8010193350126403,756
2009-09-30,1.0,0.7939604190311708,756
2009-10-30,1.0,0.7898161024723438,756
2009-11-30,1.0,0.7881526560388877,756
2009-12-31,1.0,0.7801832843457931,756
2010-01-29,1.0,0.7817543694655905,756
2010-02-26,1.0,0.784192599825196,756
2010-03-31,1.0,0.7857927394082255,756
2010-04-30,1.0,0.7863335047013512,756
2010-05-31,1.0,0.7909097882207885,756
2010-06-30,1.0,0.7919440152707282,756
2010-07-30,1.0,0.8020533449091278,756
2010-08-31,1.0,0.8046018656911735,756
2010-09-30,1.0,0.8115722816730762,756
2010-10-29,1.0,0.8138988602261973,756
2010-11-30,1.0,0.8086970504147797,756
2010-12-31,0.9843315114464729,0.8109354067421689,756
2011-01-31,0.8932840851846484,0.8156914330466721,756
2011-02-28,0.9679555213454335,0.8362059358629937,756
2011-03-31,0.966774550845396,0.8369100404521456,756
2011-04-29,0.9721521252097912,0.8351026106172097,756
2011-05-31,0.8568189400661751,0.8307757693454847,756
2011-06-30,0.9495533116446423,0.8432028484113732,756
2011-07-29,0.9774079917207976,0.8447784788880344,756
2011-08-31,0.8782568439575767,0.8339558671826441,756
2011-09-30,0.8441625419608013,0.7839699176736747,756
2011-10-31,0.7448032661974854,0.7320764362399863,756
2011-11-30,0.7808716006696417,0.7311617215527865,756
2011-12-30,0.6208136540864203,0.7213569313829876,756
2012-01-31,0.39950331277976797,0.6947893268637212,756
2012-02-29,0.467716618811068,0.6410968908274858,756
2012-03-30,0.3328147837880287,0.6191026828865809,756
2012-04-30,0.21888748047606993,0.6316630899890826,756
2012-05-31,0.39988672001244496,0.6562907651161052,756
2012-06-29,0.34207672203875117,0.663518165854936,756
2012-07-31,0.408948563029586,0.6748495152865542,756
2012-08-31,0.3105039995261385,0.6921307572103891,756
2012-09-28,0.3001927139867443,0.7032123844083384,756
2012-10-31,0.28183154879795735,0.7244080667488184,756
2012-11-30,0.30245914814698727,0.7434022817529414,756
2012-12-31,0.3444688733067162,0.7386613076140388,756
2013-01-31,0.41626629441233043,0.7376273016451202,756
2013-02-28,0.34895784899021404,0.7429306687018716,756
2013-03-29,0.3436715236778041,0.7448054372883297,756
2013-04-30,0.21742295488222235,0.7300878059851775,756
2013-05-31,0.21801125439263902,0.7234607685399949,756
2013-06-28,0.21575809737960344,0.7266138758304456,756
2013-07-31,0.13358585665828826,0.7224847985018652,756
2013-08-30,0.0,0.72556190849161,756
2013-09-30,0.0,0.7442312247189167,756
2013-10-31,0.0,0.766458026652783,756
2013-11-29,0.0,0.7770018156468728,756
2013-12-31,0.0,0.7865112287505578,756
2014-01-31,0.0,0.786347070447636,756
2014-02-28,0.0,0.8013129634270094,756
2014-03-31,0.0,0.8231485638530287,756
2014-04-30,0.0,0.8203134432119605,756
2014-05-30,0.0,0.8183488353226769,756
2014-06-30,0.0,0.811306909413008,756
2014-07-31,0.0,0.78744597628012,756
2014-08-29,0.0,0.7877176325817166,756
2014-09-30,0.0,0.7648825434638284,756
2014-10-31,0.0,0.7435565288660398,756
2014-11-28,0.0,0.7361373630959769,756
2014-12-31,0.0,0.7519542809914043,756
2015-01-30,0.0,0.7730767219262,756
2015-02-27,0.0,0.7901883138843281,756
2015-03-31,0.0,0.7922359019051268,756
2015-04-30,0.0,0.7855540502840144,756
2015-05-29,0.0,0.7439867267698048,756
2015-06-30,0.0,0.7309233916787841,756
2015-07-31,0.0,0.7453921729894738,756
2015-08-31,0.0,0.7893961238974265,756
2015-09-30,0.0,0.8024737826673287,756
2015-10-30,0.0,0.7961977567072349,756
2015-11-30,0.0,0.7853036643811214,756
2015-12-31,0.0,0.7846586326295837,756
2016-01-29,0.0,0.7975348092244994,756
2016-02-29,0.0,0.7887261905077341,756
2016-03-31,0.3307716155963211,0.7387444151101672,756
2016-04-29,0.4569509626436557,0.7040102933663953,756
2016-05-31,0.2724732654344179,0.6746164866409469,756
2016-06-30,0.47054604461472704,0.6650534691734399,756
2016-07-29,0.4040254853071902,0.6567844123592913,756
2016-08-31,0.4278293774159622,0.6599735769025442,756
2016-09-30,0.49453883516725095,0.6594574117697685,756
2016-10-31,0.5492567761698317,0.6605047211944568,756
2016-11-30,0.47176213782811455,0.6505307882845105,756
2016-12-30,0.4114800910938162,0.6481899878367606,756
2017-01-31,0.3914060644804253,0.6492802265478795,756
2017-02-28,0.353353944369507,0.6457870928424924,756
2017-03-31,0.25292186201043404,0.64092819114143,756
2017-04-28,0.340849339669263,0.639532971981822,756
2017-05-31,0.3081449642721722,0.6398347840591246,756
2017-06-30,0.2968289198693285,0.6394333050261763,756
2017-07-31,0.386097603501143,0.6376587158844513,756
2017-08-31,0.3822398610158531,0.626547673452683,756
2017-09-29,0.3401418113607149,0.6059576390775177,756
2017-10-31,0.35755415041959343,0.6035560299352214,756
2017-11-30,0.3156216806887004,0.5916621222820744,756
2017-12-29,0.2693725378066723,0.5868412278119873,756
2018-01-31,0.32922203799453603,0.5801274031030047,756
2018-02-28,0.3055658512008762,0.5975211137501898,756
2018-03-30,0.31365184461987655,0.612652662364921,756
2018-04-30,0.4295449524158735,0.643514691936722,756
2018-05-31,0.36672340854748975,0.6459225081796655,756
2018-06-29,0.34185761628755085,0.6433315964781307,756
2018-07-31,0.22381226922236072,0.604807204182896,756
2018-08-31,0.18162348917621637,0.588578512459197,756
2018-09-28,0.23340750150771378,0.5878200018657365,756
2018-10-31,0.24472232260012008,0.6090371764949618,756
2018-11-30,0.21405367657692215,0.6129748810987983,756
2018-12-31,0.2279021845123453,0.624094003494802,756
2019-01-31,0.03325117238386468,0.642028816164122,756
2019-02-28,0.03458212076306874,0.6753683642949431,756
2019-03-29,0.0,0.71208628848626,756
2019-04-30,0.0,0.7371728178386766,756
2019-05-31,0.0,0.7586189798788433,756
2019-06-28,0.0,0.7735431754522479,756
2019-07-31,0.0,0.7815954619206371,756
2019-08-30,0.0,0.7840799929349974,756
2019-09-30,0.0,0.7796382666352892,756
2019-10-31,0.0,0.7926144166884571,756
2019-11-29,0.0,0.7890396544575475,756
2019-12-31,0.0,0.796501551492079,756
2020-01-31,1.0,0.806974686929363,756
2020-02-28,1.0,0.8216562941547706,756
2020-03-31,1.0,0.925118825079895,756
2020-04-30,1.0,0.9322813694328742,756
2020-05-29,1.0,0.9332943367630303,756
2020-06-30,1.0,0.9317546891098145,756
2020-07-31,1.0,0.9258905192762463,756
2020-08-31,0.0,0.9159587092852703,756
2020-09-30,1.0,0.9169567908604446,756
2020-10-30,0.0,0.920590067616578,756
2020-11-30,0.0,0.92165781813456,756
2020-12-31,0.0,0.9187857205489791,756
2021-01-29,0.0,0.9091560447215653,756
2021-02-26,0.0023905503962678384,0.9036321742524162,756
2021-03-31,0.0,0.9036373807873573,756
2021-04-30,0.12087925415365318,0.9027043839037623,756
2021-05-31,0.43386085877426744,0.898095355816182,756
2021-06-30,0.35228205485474756,0.887657452436176,756
2021-07-30,0.4031925794357742,0.8836961403295996,756
2021-08-31,0.38574209771619117,0.8825995346347807,756
2021-09-30,0.4740067929296304,0.8799516842312015,756
2021-10-29,0.4978209451021206,0.8794731680897303,756
2021-11-30,0.2733630686590683,0.8757479532668635,756
2021-12-31,0.31061207475351255,0.8774194306048562,756
2022-01-31,0.4722761565274927,0.8813050744746135,756
2022-02-28,0.6193643853327441,0.874323743623373,756
2022-03-31,0.7006372813652189,0.8357656858596506,756
2022-04-29,0.7128909994574892,0.8214003790815919,756
2022-05-31,0.713835224971735,0.8275585100936799,756
2022-06-30,0.7487643970740201,0.8348884660161382,756
2022-07-29,0.7068319813385164,0.837618939554074,756
2022-08-31,0.7313345574041684,0.8425001191408635,756
2022-09-30,0.8030474084209767,0.8457187853892145,756
2022-10-31,0.8250996905226348,0.8527265413095896,756
2022-11-30,0.7802912409925786,0.8590053614963146,756
2022-12-30,0.9049754012159911,0.8625220566073745,756
2023-01-31,0.7560356492612275,0.8586438800307412,756
2023-02-28,0.6354750705033458,0.7806135133763515,756
2023-03-31,0.6369020359262261,0.7717628004932541,756
2023-04-28,0.6282222407102594,0.7694025454071745,756
2023-05-31,0.594872206008779,0.7635079854708324,756
2023-06-30,0.38970874913030334,0.7769245578897133,756
2023-07-31,0.5683723703426,0.7859821412038871,756
2023-08-31,0.49998188502851004,0.7809626038880222,756
2023-09-29,0.5984164001573012,0.7750892249610709,756
2023-10-31,0.5920923030956764,0.7787772333595862,756
2023-11-30,0.3022502914418595,0.7857528966253038,756
2023-12-29,0.5019802002909026,0.7908263727834309,756
2024-01-31,0.19627709662776524,0.7894469493633768,756
2024-02-29,0.26274675069054865,0.7914512338186067,756
2024-03-29,0.0,0.7935570502800994,756
2024-04-30,0.0,0.7969126678170796,756
2024-05-31,0.36595456877491384,0.8048417428737661,756
2024-06-28,0.11661944550538787,0.7977815467987757,756
2024-07-31,0.033152229428567014,0.8019298057770936,756
2024-08-30,0.0,0.8077223538069774,756
2024-09-30,0.1823538631548524,0.8106670909290264,756
2024-10-31,0.29477125430253426,0.8044705811679332,756
2024-11-29,0.05298418117073615,0.7931701193956358,756
2024-12-31,0.0,0.7930939689340548,756
2025-01-31,1.0,0.8257851810005618,756
2025-02-28,1.0,0.8537310718346559,756
2025-03-31,0.0,0.8726961045912517,756
2025-04-30,1.0,0.8680657989780854,756
2025-05-30,0.0,0.8391133450306602,756
2025-06-30,0.0,0.8254867828461436,756
2025-07-31,0.0,0.8168094341042147,756
2025-08-29,0.0,0.799602175400525,756
2025-09-30,0.07110478032917426,0.780105409977771,756
2025-10-31,0.17120425033489609,0.7388638257797597,756
2025-11-28,0.22591031058869357,0.7301092373190415,756
2025-12-31,0.2501891331461448,0.7157150628041618,756
2026-01-30,0.3725990165943599,0.668644689005484,756
2026-02-27,0.425058621567921,0.6175206527264806,756
2026-03-31,0.420861863724872,0.6043040171359519,756
2026-04-20,0.4184665985491004,0.6059020283604916,756
